Username,Password,FirstName,LastName,UserID
johndoe,pass,John,Doe,001
janedoe,pass,John,Doe,002
benhoskings,pass,Ben,Hoskings,003
rosemaryellery,pass,Rosemary,Ellery,004
user a,pass,User1,,101
user b,pass,User1,,102
user c,pass,User1,,103
user d,pass,User1,,104
user e,pass,User1,,105
user f,pass,User1,,106
user g,pass,User1,,107
user h,pass,User1,,108
user i,pass,User1,,109
user j,pass,User1,,110
user k,pass,User1,,111
user l,pass,User1,,112
user m,pass,User1,,113
user n,pass,User1,,114
user o,pass,User1,,115
user p,pass,User1,,116
user q,pass,User1,,117
user r,pass,User1,,118
user s,pass,User1,,119
user t,pass,User1,,120
user u,pass,User1,,121
user v,pass,User1,,122



